left_len,right_len,total_empty,n,first,current_player_result,black_initial_result
1,1,2,3,1,L,W
1,2,3,4,1,L,W
1,3,4,5,1,W,L
1,4,5,6,1,W,L
1,5,6,7,1,W,L
1,6,7,8,1,W,L
1,7,8,9,1,W,L
1,8,9,10,1,W,L
1,9,10,11,1,W,L
1,10,11,12,1,W,L
1,11,12,13,1,W,L
1,12,13,14,1,W,L
1,13,14,15,1,W,L
1,14,15,16,1,W,L
1,15,16,17,1,W,L
1,16,17,18,1,W,L
1,17,18,19,1,W,L
1,18,19,20,1,W,L
1,19,20,21,1,W,L
1,20,21,22,1,W,L
1,21,22,23,1,W,L
1,22,23,24,1,W,L
1,23,24,25,1,W,L
1,24,25,26,1,W,L
1,25,26,27,1,W,L
1,26,27,28,1,W,L
1,27,28,29,1,W,L
1,28,29,30,1,W,L
1,29,30,31,1,W,L
1,30,31,32,1,W,L
1,31,32,33,1,W,L
1,32,33,34,1,W,L
1,33,34,35,1,W,L
1,34,35,36,1,W,L
1,35,36,37,1,W,L
1,36,37,38,1,W,L
1,37,38,39,1,W,L
1,38,39,40,1,W,L
1,39,40,41,1,W,L
1,40,41,42,1,W,L
1,41,42,43,1,W,L
1,42,43,44,1,W,L
1,43,44,45,1,W,L
2,1,3,4,2,L,W
2,2,4,5,2,L,W
2,3,5,6,2,L,W
2,4,6,7,2,W,L
2,5,7,8,2,L,W
2,6,8,9,2,L,W
2,7,9,10,2,L,W
2,8,10,11,2,L,W
2,9,11,12,2,L,W
2,10,12,13,2,L,W
2,11,13,14,2,L,W
2,12,14,15,2,L,W
2,13,15,16,2,L,W
2,14,16,17,2,L,W
2,15,17,18,2,L,W
2,16,18,19,2,L,W
2,17,19,20,2,L,W
2,18,20,21,2,L,W
2,19,21,22,2,L,W
2,20,22,23,2,L,W
2,21,23,24,2,L,W
2,22,24,25,2,L,W
2,23,25,26,2,L,W
2,24,26,27,2,L,W
2,25,27,28,2,L,W
2,26,28,29,2,L,W
2,27,29,30,2,L,W
2,28,30,31,2,L,W
2,29,31,32,2,L,W
2,30,32,33,2,L,W
2,31,33,34,2,L,W
2,32,34,35,2,L,W
2,33,35,36,2,L,W
2,34,36,37,2,L,W
2,35,37,38,2,L,W
2,36,38,39,2,L,W
2,37,39,40,2,L,W
2,38,40,41,2,L,W
2,39,41,42,2,L,W
2,40,42,43,2,L,W
2,41,43,44,2,L,W
2,42,44,45,2,L,W
3,1,4,5,3,W,L
3,2,5,6,3,L,W
3,3,6,7,3,L,W
3,4,7,8,3,L,W
3,5,8,9,3,W,L
3,6,9,10,3,W,L
3,7,10,11,3,L,W
3,8,11,12,3,L,W
3,9,12,13,3,L,W
3,10,13,14,3,L,W
3,11,14,15,3,W,L
3,12,15,16,3,L,W
3,13,16,17,3,L,W
3,14,17,18,3,L,W
3,15,18,19,3,L,W
3,16,19,20,3,L,W
3,17,20,21,3,L,W
3,18,21,22,3,L,W
3,19,22,23,3,L,W
3,20,23,24,3,L,W
3,21,24,25,3,L,W
3,22,25,26,3,L,W
3,23,26,27,3,L,W
3,24,27,28,3,L,W
3,25,28,29,3,L,W
3,26,29,30,3,L,W
3,27,30,31,3,L,W
3,28,31,32,3,L,W
3,29,32,33,3,L,W
3,30,33,34,3,L,W
3,31,34,35,3,L,W
3,32,35,36,3,L,W
3,33,36,37,3,L,W
3,34,37,38,3,L,W
3,35,38,39,3,L,W
3,36,39,40,3,L,W
3,37,40,41,3,L,W
3,38,41,42,3,L,W
3,39,42,43,3,L,W
3,40,43,44,3,L,W
3,41,44,45,3,L,W
4,1,5,6,4,W,L
4,2,6,7,4,W,L
4,3,7,8,4,L,W
4,4,8,9,4,L,W
4,5,9,10,4,L,W
4,6,10,11,4,W,L
4,7,11,12,4,W,L
4,8,12,13,4,W,L
4,9,13,14,4,L,W
4,10,14,15,4,L,W
4,11,15,16,4,L,W
4,12,16,17,4,L,W
4,13,17,18,4,L,W
4,14,18,19,4,W,L
4,15,19,20,4,L,W
4,16,20,21,4,L,W
4,17,21,22,4,L,W
4,18,22,23,4,L,W
4,19,23,24,4,L,W
4,20,24,25,4,L,W
4,21,25,26,4,L,W
4,22,26,27,4,L,W
4,23,27,28,4,L,W
4,24,28,29,4,L,W
4,25,29,30,4,L,W
4,26,30,31,4,L,W
4,27,31,32,4,L,W
4,28,32,33,4,L,W
4,29,33,34,4,L,W
4,30,34,35,4,L,W
4,31,35,36,4,L,W
4,32,36,37,4,L,W
4,33,37,38,4,L,W
4,34,38,39,4,L,W
4,35,39,40,4,L,W
4,36,40,41,4,L,W
4,37,41,42,4,L,W
4,38,42,43,4,L,W
4,39,43,44,4,L,W
4,40,44,45,4,L,W
5,1,6,7,5,W,L
5,2,7,8,5,L,W
5,3,8,9,5,W,L
5,4,9,10,5,L,W
5,5,10,11,5,L,W
5,6,11,12,5,L,W
5,7,12,13,5,W,L
5,8,13,14,5,L,W
5,9,14,15,5,L,W
5,10,15,16,5,L,W
5,11,16,17,5,L,W
5,12,17,18,5,L,W
5,13,18,19,5,L,W
5,14,19,20,5,L,W
5,15,20,21,5,L,W
5,16,21,22,5,L,W
5,17,22,23,5,L,W
5,18,23,24,5,L,W
5,19,24,25,5,L,W
5,20,25,26,5,L,W
5,21,26,27,5,L,W
5,22,27,28,5,L,W
5,23,28,29,5,L,W
5,24,29,30,5,L,W
5,25,30,31,5,L,W
5,26,31,32,5,L,W
5,27,32,33,5,L,W
5,28,33,34,5,L,W
5,29,34,35,5,L,W
5,30,35,36,5,L,W
5,31,36,37,5,L,W
5,32,37,38,5,L,W
5,33,38,39,5,L,W
5,34,39,40,5,L,W
5,35,40,41,5,L,W
5,36,41,42,5,L,W
5,37,42,43,5,L,W
5,38,43,44,5,L,W
5,39,44,45,5,L,W
6,1,7,8,6,W,L
6,2,8,9,6,L,W
6,3,9,10,6,W,L
6,4,10,11,6,W,L
6,5,11,12,6,L,W
6,6,12,13,6,L,W
6,7,13,14,6,L,W
6,8,14,15,6,W,L
6,9,15,16,6,W,L
6,10,16,17,6,L,W
6,11,17,18,6,L,W
6,12,18,19,6,L,W
6,13,19,20,6,L,W
6,14,20,21,6,L,W
6,15,21,22,6,L,W
6,16,22,23,6,L,W
6,17,23,24,6,L,W
6,18,24,25,6,L,W
6,19,25,26,6,L,W
6,20,26,27,6,L,W
6,21,27,28,6,L,W
6,22,28,29,6,L,W
6,23,29,30,6,L,W
6,24,30,31,6,L,W
6,25,31,32,6,L,W
6,26,32,33,6,L,W
6,27,33,34,6,L,W
6,28,34,35,6,L,W
6,29,35,36,6,L,W
6,30,36,37,6,L,W
6,31,37,38,6,L,W
6,32,38,39,6,L,W
6,33,39,40,6,L,W
6,34,40,41,6,L,W
6,35,41,42,6,L,W
6,36,42,43,6,L,W
6,37,43,44,6,L,W
6,38,44,45,6,L,W
7,1,8,9,7,W,L
7,2,9,10,7,L,W
7,3,10,11,7,L,W
7,4,11,12,7,W,L
7,5,12,13,7,W,L
7,6,13,14,7,L,W
7,7,14,15,7,L,W
7,8,15,16,7,L,W
7,9,16,17,7,W,L
7,10,17,18,7,L,W
7,11,18,19,7,W,L
7,12,19,20,7,L,W
7,13,20,21,7,L,W
7,14,21,22,7,L,W
7,15,22,23,7,L,W
7,16,23,24,7,L,W
7,17,24,25,7,L,W
7,18,25,26,7,L,W
7,19,26,27,7,L,W
7,20,27,28,7,L,W
7,21,28,29,7,L,W
7,22,29,30,7,L,W
7,23,30,31,7,L,W
7,24,31,32,7,L,W
7,25,32,33,7,L,W
7,26,33,34,7,L,W
7,27,34,35,7,L,W
7,28,35,36,7,L,W
7,29,36,37,7,L,W
7,30,37,38,7,L,W
7,31,38,39,7,L,W
7,32,39,40,7,L,W
7,33,40,41,7,L,W
7,34,41,42,7,L,W
7,35,42,43,7,L,W
7,36,43,44,7,L,W
7,37,44,45,7,L,W
8,1,9,10,8,W,L
8,2,10,11,8,L,W
8,3,11,12,8,L,W
8,4,12,13,8,W,L
8,5,13,14,8,L,W
8,6,14,15,8,W,L
8,7,15,16,8,L,W
8,8,16,17,8,L,W
8,9,17,18,8,L,W
8,10,18,19,8,W,L
8,11,19,20,8,L,W
8,12,20,21,8,L,W
8,13,21,22,8,L,W
8,14,22,23,8,L,W
8,15,23,24,8,L,W
8,16,24,25,8,L,W
8,17,25,26,8,L,W
8,18,26,27,8,L,W
8,19,27,28,8,L,W
8,20,28,29,8,L,W
8,21,29,30,8,L,W
8,22,30,31,8,L,W
8,23,31,32,8,L,W
8,24,32,33,8,L,W
8,25,33,34,8,L,W
8,26,34,35,8,L,W
8,27,35,36,8,L,W
8,28,36,37,8,L,W
8,29,37,38,8,L,W
8,30,38,39,8,L,W
8,31,39,40,8,L,W
8,32,40,41,8,L,W
8,33,41,42,8,L,W
8,34,42,43,8,L,W
8,35,43,44,8,L,W
8,36,44,45,8,L,W
9,1,10,11,9,W,L
9,2,11,12,9,L,W
9,3,12,13,9,L,W
9,4,13,14,9,L,W
9,5,14,15,9,L,W
9,6,15,16,9,W,L
9,7,16,17,9,W,L
9,8,17,18,9,L,W
9,9,18,19,9,L,W
9,10,19,20,9,L,W
9,11,20,21,9,W,L
9,12,21,22,9,L,W
9,13,22,23,9,L,W
9,14,23,24,9,L,W
9,15,24,25,9,L,W
9,16,25,26,9,L,W
9,17,26,27,9,L,W
9,18,27,28,9,L,W
9,19,28,29,9,L,W
9,20,29,30,9,L,W
9,21,30,31,9,L,W
9,22,31,32,9,L,W
9,23,32,33,9,L,W
9,24,33,34,9,L,W
9,25,34,35,9,L,W
9,26,35,36,9,L,W
9,27,36,37,9,L,W
9,28,37,38,9,L,W
9,29,38,39,9,L,W
9,30,39,40,9,L,W
9,31,40,41,9,L,W
9,32,41,42,9,L,W
9,33,42,43,9,L,W
9,34,43,44,9,L,W
9,35,44,45,9,L,W
10,1,11,12,10,W,L
10,2,12,13,10,L,W
10,3,13,14,10,L,W
10,4,14,15,10,L,W
10,5,15,16,10,L,W
10,6,16,17,10,L,W
10,7,17,18,10,L,W
10,8,18,19,10,W,L
10,9,19,20,10,L,W
10,10,20,21,10,L,W
10,11,21,22,10,L,W
10,12,22,23,10,W,L
10,13,23,24,10,L,W
10,14,24,25,10,L,W
10,15,25,26,10,L,W
10,16,26,27,10,L,W
10,17,27,28,10,L,W
10,18,28,29,10,L,W
10,19,29,30,10,L,W
10,20,30,31,10,L,W
10,21,31,32,10,L,W
10,22,32,33,10,L,W
10,23,33,34,10,L,W
10,24,34,35,10,L,W
10,25,35,36,10,L,W
10,26,36,37,10,L,W
10,27,37,38,10,L,W
10,28,38,39,10,L,W
10,29,39,40,10,L,W
10,30,40,41,10,L,W
10,31,41,42,10,L,W
10,32,42,43,10,L,W
10,33,43,44,10,L,W
10,34,44,45,10,L,W
11,1,12,13,11,W,L
11,2,13,14,11,L,W
11,3,14,15,11,W,L
11,4,15,16,11,L,W
11,5,16,17,11,L,W
11,6,17,18,11,L,W
11,7,18,19,11,W,L
11,8,19,20,11,L,W
11,9,20,21,11,W,L
11,10,21,22,11,L,W
11,11,22,23,11,L,W
11,12,23,24,11,L,W
11,13,24,25,11,W,L
11,14,25,26,11,L,W
11,15,26,27,11,L,W
11,16,27,28,11,L,W
11,17,28,29,11,L,W
11,18,29,30,11,L,W
11,19,30,31,11,L,W
11,20,31,32,11,L,W
11,21,32,33,11,L,W
11,22,33,34,11,L,W
11,23,34,35,11,L,W
11,24,35,36,11,L,W
11,25,36,37,11,L,W
11,26,37,38,11,L,W
11,27,38,39,11,L,W
11,28,39,40,11,L,W
11,29,40,41,11,L,W
11,30,41,42,11,L,W
11,31,42,43,11,L,W
11,32,43,44,11,L,W
11,33,44,45,11,L,W
12,1,13,14,12,W,L
12,2,14,15,12,L,W
12,3,15,16,12,L,W
12,4,16,17,12,L,W
12,5,17,18,12,L,W
12,6,18,19,12,L,W
12,7,19,20,12,L,W
12,8,20,21,12,L,W
12,9,21,22,12,L,W
12,10,22,23,12,W,L
12,11,23,24,12,L,W
12,12,24,25,12,L,W
12,13,25,26,12,L,W
12,14,26,27,12,W,L
12,15,27,28,12,L,W
12,16,28,29,12,L,W
12,17,29,30,12,L,W
12,18,30,31,12,L,W
12,19,31,32,12,L,W
12,20,32,33,12,L,W
12,21,33,34,12,L,W
12,22,34,35,12,L,W
12,23,35,36,12,L,W
12,24,36,37,12,L,W
12,25,37,38,12,L,W
12,26,38,39,12,L,W
12,27,39,40,12,L,W
12,28,40,41,12,L,W
12,29,41,42,12,L,W
12,30,42,43,12,L,W
12,31,43,44,12,L,W
12,32,44,45,12,L,W
13,1,14,15,13,W,L
13,2,15,16,13,L,W
13,3,16,17,13,L,W
13,4,17,18,13,L,W
13,5,18,19,13,L,W
13,6,19,20,13,L,W
13,7,20,21,13,L,W
13,8,21,22,13,L,W
13,9,22,23,13,L,W
13,10,23,24,13,L,W
13,11,24,25,13,W,L
13,12,25,26,13,L,W
13,13,26,27,13,L,W
13,14,27,28,13,L,W
13,15,28,29,13,W,L
13,16,29,30,13,L,W
13,17,30,31,13,L,W
13,18,31,32,13,L,W
13,19,32,33,13,L,W
13,20,33,34,13,L,W
13,21,34,35,13,L,W
13,22,35,36,13,L,W
13,23,36,37,13,L,W
13,24,37,38,13,L,W
13,25,38,39,13,L,W
13,26,39,40,13,L,W
13,27,40,41,13,L,W
13,28,41,42,13,L,W
13,29,42,43,13,L,W
13,30,43,44,13,L,W
13,31,44,45,13,L,W
14,1,15,16,14,W,L
14,2,16,17,14,L,W
14,3,17,18,14,L,W
14,4,18,19,14,W,L
14,5,19,20,14,L,W
14,6,20,21,14,L,W
14,7,21,22,14,L,W
14,8,22,23,14,L,W
14,9,23,24,14,L,W
14,10,24,25,14,L,W
14,11,25,26,14,L,W
14,12,26,27,14,W,L
14,13,27,28,14,L,W
14,14,28,29,14,L,W
14,15,29,30,14,L,W
14,16,30,31,14,W,L
14,17,31,32,14,L,W
14,18,32,33,14,L,W
14,19,33,34,14,L,W
14,20,34,35,14,L,W
14,21,35,36,14,L,W
14,22,36,37,14,L,W
14,23,37,38,14,L,W
14,24,38,39,14,L,W
14,25,39,40,14,L,W
14,26,40,41,14,L,W
14,27,41,42,14,L,W
14,28,42,43,14,L,W
14,29,43,44,14,L,W
14,30,44,45,14,L,W
15,1,16,17,15,W,L
15,2,17,18,15,L,W
15,3,18,19,15,L,W
15,4,19,20,15,L,W
15,5,20,21,15,L,W
15,6,21,22,15,L,W
15,7,22,23,15,L,W
15,8,23,24,15,L,W
15,9,24,25,15,L,W
15,10,25,26,15,L,W
15,11,26,27,15,L,W
15,12,27,28,15,L,W
15,13,28,29,15,W,L
15,14,29,30,15,L,W
15,15,30,31,15,L,W
15,16,31,32,15,L,W
15,17,32,33,15,W,L
15,18,33,34,15,L,W
15,19,34,35,15,L,W
15,20,35,36,15,L,W
15,21,36,37,15,L,W
15,22,37,38,15,L,W
15,23,38,39,15,L,W
15,24,39,40,15,L,W
15,25,40,41,15,L,W
15,26,41,42,15,L,W
15,27,42,43,15,L,W
15,28,43,44,15,L,W
15,29,44,45,15,L,W
16,1,17,18,16,W,L
16,2,18,19,16,L,W
16,3,19,20,16,L,W
16,4,20,21,16,L,W
16,5,21,22,16,L,W
16,6,22,23,16,L,W
16,7,23,24,16,L,W
16,8,24,25,16,L,W
16,9,25,26,16,L,W
16,10,26,27,16,L,W
16,11,27,28,16,L,W
16,12,28,29,16,L,W
16,13,29,30,16,L,W
16,14,30,31,16,W,L
16,15,31,32,16,L,W
16,16,32,33,16,L,W
16,17,33,34,16,L,W
16,18,34,35,16,W,L
16,19,35,36,16,L,W
16,20,36,37,16,L,W
16,21,37,38,16,L,W
16,22,38,39,16,L,W
16,23,39,40,16,L,W
16,24,40,41,16,L,W
16,25,41,42,16,L,W
16,26,42,43,16,L,W
16,27,43,44,16,L,W
16,28,44,45,16,L,W
17,1,18,19,17,W,L
17,2,19,20,17,L,W
17,3,20,21,17,L,W
17,4,21,22,17,L,W
17,5,22,23,17,L,W
17,6,23,24,17,L,W
17,7,24,25,17,L,W
17,8,25,26,17,L,W
17,9,26,27,17,L,W
17,10,27,28,17,L,W
17,11,28,29,17,L,W
17,12,29,30,17,L,W
17,13,30,31,17,L,W
17,14,31,32,17,L,W
17,15,32,33,17,W,L
17,16,33,34,17,L,W
17,17,34,35,17,L,W
17,18,35,36,17,L,W
17,19,36,37,17,W,L
17,20,37,38,17,L,W
17,21,38,39,17,L,W
17,22,39,40,17,L,W
17,23,40,41,17,L,W
17,24,41,42,17,L,W
17,25,42,43,17,L,W
17,26,43,44,17,L,W
17,27,44,45,17,L,W
18,1,19,20,18,W,L
18,2,20,21,18,L,W
18,3,21,22,18,L,W
18,4,22,23,18,L,W
18,5,23,24,18,L,W
18,6,24,25,18,L,W
18,7,25,26,18,L,W
18,8,26,27,18,L,W
18,9,27,28,18,L,W
18,10,28,29,18,L,W
18,11,29,30,18,L,W
18,12,30,31,18,L,W
18,13,31,32,18,L,W
18,14,32,33,18,L,W
18,15,33,34,18,L,W
18,16,34,35,18,W,L
18,17,35,36,18,L,W
18,18,36,37,18,L,W
18,19,37,38,18,L,W
18,20,38,39,18,W,L
18,21,39,40,18,L,W
18,22,40,41,18,L,W
18,23,41,42,18,L,W
18,24,42,43,18,L,W
18,25,43,44,18,L,W
18,26,44,45,18,L,W
19,1,20,21,19,W,L
19,2,21,22,19,L,W
19,3,22,23,19,L,W
19,4,23,24,19,L,W
19,5,24,25,19,L,W
19,6,25,26,19,L,W
19,7,26,27,19,L,W
19,8,27,28,19,L,W
19,9,28,29,19,L,W
19,10,29,30,19,L,W
19,11,30,31,19,L,W
19,12,31,32,19,L,W
19,13,32,33,19,L,W
19,14,33,34,19,L,W
19,15,34,35,19,L,W
19,16,35,36,19,L,W
19,17,36,37,19,W,L
19,18,37,38,19,L,W
19,19,38,39,19,L,W
19,20,39,40,19,L,W
19,21,40,41,19,W,L
19,22,41,42,19,L,W
19,23,42,43,19,L,W
19,24,43,44,19,L,W
19,25,44,45,19,L,W
20,1,21,22,20,W,L
20,2,22,23,20,L,W
20,3,23,24,20,L,W
20,4,24,25,20,L,W
20,5,25,26,20,L,W
20,6,26,27,20,L,W
20,7,27,28,20,L,W
20,8,28,29,20,L,W
20,9,29,30,20,L,W
20,10,30,31,20,L,W
20,11,31,32,20,L,W
20,12,32,33,20,L,W
20,13,33,34,20,L,W
20,14,34,35,20,L,W
20,15,35,36,20,L,W
20,16,36,37,20,L,W
20,17,37,38,20,L,W
20,18,38,39,20,W,L
20,19,39,40,20,L,W
20,20,40,41,20,L,W
20,21,41,42,20,L,W
20,22,42,43,20,W,L
20,23,43,44,20,L,W
20,24,44,45,20,L,W
21,1,22,23,21,W,L
21,2,23,24,21,L,W
21,3,24,25,21,L,W
21,4,25,26,21,L,W
21,5,26,27,21,L,W
21,6,27,28,21,L,W
21,7,28,29,21,L,W
21,8,29,30,21,L,W
21,9,30,31,21,L,W
21,10,31,32,21,L,W
21,11,32,33,21,L,W
21,12,33,34,21,L,W
21,13,34,35,21,L,W
21,14,35,36,21,L,W
21,15,36,37,21,L,W
21,16,37,38,21,L,W
21,17,38,39,21,L,W
21,18,39,40,21,L,W
21,19,40,41,21,W,L
21,20,41,42,21,L,W
21,21,42,43,21,L,W
21,22,43,44,21,L,W
21,23,44,45,21,W,L
22,1,23,24,22,W,L
22,2,24,25,22,L,W
22,3,25,26,22,L,W
22,4,26,27,22,L,W
22,5,27,28,22,L,W
22,6,28,29,22,L,W
22,7,29,30,22,L,W
22,8,30,31,22,L,W
22,9,31,32,22,L,W
22,10,32,33,22,L,W
22,11,33,34,22,L,W
22,12,34,35,22,L,W
22,13,35,36,22,L,W
22,14,36,37,22,L,W
22,15,37,38,22,L,W
22,16,38,39,22,L,W
22,17,39,40,22,L,W
22,18,40,41,22,L,W
22,19,41,42,22,L,W
22,20,42,43,22,W,L
22,21,43,44,22,L,W
22,22,44,45,22,L,W
23,1,24,25,23,W,L
23,2,25,26,23,L,W
23,3,26,27,23,L,W
23,4,27,28,23,L,W
23,5,28,29,23,L,W
23,6,29,30,23,L,W
23,7,30,31,23,L,W
23,8,31,32,23,L,W
23,9,32,33,23,L,W
23,10,33,34,23,L,W
23,11,34,35,23,L,W
23,12,35,36,23,L,W
23,13,36,37,23,L,W
23,14,37,38,23,L,W
23,15,38,39,23,L,W
23,16,39,40,23,L,W
23,17,40,41,23,L,W
23,18,41,42,23,L,W
23,19,42,43,23,L,W
23,20,43,44,23,L,W
23,21,44,45,23,W,L
24,1,25,26,24,W,L
24,2,26,27,24,L,W
24,3,27,28,24,L,W
24,4,28,29,24,L,W
24,5,29,30,24,L,W
24,6,30,31,24,L,W
24,7,31,32,24,L,W
24,8,32,33,24,L,W
24,9,33,34,24,L,W
24,10,34,35,24,L,W
24,11,35,36,24,L,W
24,12,36,37,24,L,W
24,13,37,38,24,L,W
24,14,38,39,24,L,W
24,15,39,40,24,L,W
24,16,40,41,24,L,W
24,17,41,42,24,L,W
24,18,42,43,24,L,W
24,19,43,44,24,L,W
24,20,44,45,24,L,W
25,1,26,27,25,W,L
25,2,27,28,25,L,W
25,3,28,29,25,L,W
25,4,29,30,25,L,W
25,5,30,31,25,L,W
25,6,31,32,25,L,W
25,7,32,33,25,L,W
25,8,33,34,25,L,W
25,9,34,35,25,L,W
25,10,35,36,25,L,W
25,11,36,37,25,L,W
25,12,37,38,25,L,W
25,13,38,39,25,L,W
25,14,39,40,25,L,W
25,15,40,41,25,L,W
25,16,41,42,25,L,W
25,17,42,43,25,L,W
25,18,43,44,25,L,W
25,19,44,45,25,L,W
26,1,27,28,26,W,L
26,2,28,29,26,L,W
26,3,29,30,26,L,W
26,4,30,31,26,L,W
26,5,31,32,26,L,W
26,6,32,33,26,L,W
26,7,33,34,26,L,W
26,8,34,35,26,L,W
26,9,35,36,26,L,W
26,10,36,37,26,L,W
26,11,37,38,26,L,W
26,12,38,39,26,L,W
26,13,39,40,26,L,W
26,14,40,41,26,L,W
26,15,41,42,26,L,W
26,16,42,43,26,L,W
26,17,43,44,26,L,W
26,18,44,45,26,L,W
27,1,28,29,27,W,L
27,2,29,30,27,L,W
27,3,30,31,27,L,W
27,4,31,32,27,L,W
27,5,32,33,27,L,W
27,6,33,34,27,L,W
27,7,34,35,27,L,W
27,8,35,36,27,L,W
27,9,36,37,27,L,W
27,10,37,38,27,L,W
27,11,38,39,27,L,W
27,12,39,40,27,L,W
27,13,40,41,27,L,W
27,14,41,42,27,L,W
27,15,42,43,27,L,W
27,16,43,44,27,L,W
27,17,44,45,27,L,W
28,1,29,30,28,W,L
28,2,30,31,28,L,W
28,3,31,32,28,L,W
28,4,32,33,28,L,W
28,5,33,34,28,L,W
28,6,34,35,28,L,W
28,7,35,36,28,L,W
28,8,36,37,28,L,W
28,9,37,38,28,L,W
28,10,38,39,28,L,W
28,11,39,40,28,L,W
28,12,40,41,28,L,W
28,13,41,42,28,L,W
28,14,42,43,28,L,W
28,15,43,44,28,L,W
28,16,44,45,28,L,W
29,1,30,31,29,W,L
29,2,31,32,29,L,W
29,3,32,33,29,L,W
29,4,33,34,29,L,W
29,5,34,35,29,L,W
29,6,35,36,29,L,W
29,7,36,37,29,L,W
29,8,37,38,29,L,W
29,9,38,39,29,L,W
29,10,39,40,29,L,W
29,11,40,41,29,L,W
29,12,41,42,29,L,W
29,13,42,43,29,L,W
29,14,43,44,29,L,W
29,15,44,45,29,L,W
30,1,31,32,30,W,L
30,2,32,33,30,L,W
30,3,33,34,30,L,W
30,4,34,35,30,L,W
30,5,35,36,30,L,W
30,6,36,37,30,L,W
30,7,37,38,30,L,W
30,8,38,39,30,L,W
30,9,39,40,30,L,W
30,10,40,41,30,L,W
30,11,41,42,30,L,W
30,12,42,43,30,L,W
30,13,43,44,30,L,W
30,14,44,45,30,L,W
31,1,32,33,31,W,L
31,2,33,34,31,L,W
31,3,34,35,31,L,W
31,4,35,36,31,L,W
31,5,36,37,31,L,W
31,6,37,38,31,L,W
31,7,38,39,31,L,W
31,8,39,40,31,L,W
31,9,40,41,31,L,W
31,10,41,42,31,L,W
31,11,42,43,31,L,W
31,12,43,44,31,L,W
31,13,44,45,31,L,W
32,1,33,34,32,W,L
32,2,34,35,32,L,W
32,3,35,36,32,L,W
32,4,36,37,32,L,W
32,5,37,38,32,L,W
32,6,38,39,32,L,W
32,7,39,40,32,L,W
32,8,40,41,32,L,W
32,9,41,42,32,L,W
32,10,42,43,32,L,W
32,11,43,44,32,L,W
32,12,44,45,32,L,W
33,1,34,35,33,W,L
33,2,35,36,33,L,W
33,3,36,37,33,L,W
33,4,37,38,33,L,W
33,5,38,39,33,L,W
33,6,39,40,33,L,W
33,7,40,41,33,L,W
33,8,41,42,33,L,W
33,9,42,43,33,L,W
33,10,43,44,33,L,W
33,11,44,45,33,L,W
34,1,35,36,34,W,L
34,2,36,37,34,L,W
34,3,37,38,34,L,W
34,4,38,39,34,L,W
34,5,39,40,34,L,W
34,6,40,41,34,L,W
34,7,41,42,34,L,W
34,8,42,43,34,L,W
34,9,43,44,34,L,W
34,10,44,45,34,L,W
35,1,36,37,35,W,L
35,2,37,38,35,L,W
35,3,38,39,35,L,W
35,4,39,40,35,L,W
35,5,40,41,35,L,W
35,6,41,42,35,L,W
35,7,42,43,35,L,W
35,8,43,44,35,L,W
35,9,44,45,35,L,W
36,1,37,38,36,W,L
36,2,38,39,36,L,W
36,3,39,40,36,L,W
36,4,40,41,36,L,W
36,5,41,42,36,L,W
36,6,42,43,36,L,W
36,7,43,44,36,L,W
36,8,44,45,36,L,W
37,1,38,39,37,W,L
37,2,39,40,37,L,W
37,3,40,41,37,L,W
37,4,41,42,37,L,W
37,5,42,43,37,L,W
37,6,43,44,37,L,W
37,7,44,45,37,L,W
38,1,39,40,38,W,L
38,2,40,41,38,L,W
38,3,41,42,38,L,W
38,4,42,43,38,L,W
38,5,43,44,38,L,W
38,6,44,45,38,L,W
39,1,40,41,39,W,L
39,2,41,42,39,L,W
39,3,42,43,39,L,W
39,4,43,44,39,L,W
39,5,44,45,39,L,W
40,1,41,42,40,W,L
40,2,42,43,40,L,W
40,3,43,44,40,L,W
40,4,44,45,40,L,W
41,1,42,43,41,W,L
41,2,43,44,41,L,W
41,3,44,45,41,L,W
42,1,43,44,42,W,L
42,2,44,45,42,L,W
43,1,44,45,43,W,L
